ReserveId,ReserveSubmitTime,Entry,Exit
1384,"Esfand 29, 2022, 8:13 PM","Esfand 29, 2022, 12:00 AM","Esfand 30, 2022, 12:00 AM"
22303,"Esfand 27, 2022, 7:05 PM","Esfand 29, 2022, 12:00 AM","Esfand 30, 2022, 12:00 AM"
32877,"Esfand 27, 2022, 7:57 PM","Esfand 27, 2022, 12:00 AM","Esfand 30, 2022, 12:00 AM"
32878,"Esfand 27, 2022, 7:56 PM","Esfand 28, 2022, 12:00 AM","Esfand 30, 2022, 12:00 AM"
32938,"Esfand 27, 2022, 8:16 PM","Esfand 29, 2022, 12:00 AM","Esfand 30, 2022, 12:00 AM"
32994,"Esfand 27, 2022, 8:41 PM","Esfand 30, 2022, 12:00 AM","Farvardin 2, 2023, 12:00 AM"
33028,"Esfand 29, 2022, 11:51 PM","Esfand 29, 2022, 12:00 AM","Esfand 30, 2022, 12:00 AM"
33033,"Esfand 22, 2022, 8:15 AM","Esfand 30, 2022, 12:00 AM","Farvardin 4, 2023, 12:00 AM"
33043,"Esfand 30, 2022, 8:36 PM","Farvardin 5, 2023, 12:00 AM","Farvardin 7, 2023, 12:00 AM"
33129,"Esfand 30, 2022, 12:34 AM","Farvardin 4, 2023, 12:00 AM","Farvardin 8, 2023, 12:00 AM"
33249,"Esfand 17, 2022, 4:10 PM","Esfand 27, 2022, 12:00 AM","Esfand 30, 2022, 12:00 AM"
33269,"Esfand 30, 2022, 9:37 PM","Farvardin 5, 2023, 12:00 AM","Farvardin 6, 2023, 12:00 AM"
43785,"Esfand 27, 2022, 11:12 PM","Esfand 29, 2022, 12:00 AM","Esfand 30, 2022, 12:00 AM"
43817,"Esfand 27, 2022, 11:30 PM","Esfand 29, 2022, 12:00 AM","Esfand 30, 2022, 12:00 AM"
43844,"Esfand 27, 2022, 11:27 PM","Esfand 29, 2022, 12:00 AM","Esfand 30, 2022, 12:00 AM"
43883,"Esfand 28, 2022, 12:05 AM","Esfand 30, 2022, 12:00 AM","Farvardin 2, 2023, 12:00 AM"
43947,"Esfand 30, 2022, 9:48 PM","Farvardin 2, 2023, 12:00 AM","Farvardin 4, 2023, 12:00 AM"
43955,"Esfand 30, 2022, 6:53 PM","Farvardin 25, 2023, 12:00 AM","Farvardin 29, 2023, 12:00 AM"
44027,"Esfand 30, 2022, 3:47 PM","Esfand 30, 2022, 12:00 AM","Farvardin 1, 2023, 12:00 AM"
44064,"Esfand 30, 2022, 3:56 PM","Farvardin 4, 2023, 12:00 AM","Farvardin 6, 2023, 12:00 AM"
44124,"Esfand 30, 2022, 10:46 PM","Farvardin 3, 2023, 12:00 AM","Farvardin 6, 2023, 12:00 AM"
53141,"Esfand 30, 2022, 11:11 PM","Farvardin 9, 2023, 12:00 AM","Farvardin 10, 2023, 12:00 AM"
53166,"Esfand 30, 2022, 8:21 PM","Farvardin 5, 2023, 12:00 AM","Farvardin 6, 2023, 12:00 AM"
53170,"Esfand 30, 2022, 8:22 PM","Farvardin 13, 2023, 12:00 AM","Farvardin 14, 2023, 12:00 AM"
53272,"Esfand 25, 2022, 10:15 PM","Esfand 29, 2022, 12:00 AM","Esfand 30, 2022, 12:00 AM"
53300,"Esfand 30, 2022, 12:51 PM","Farvardin 6, 2023, 12:00 AM","Farvardin 13, 2023, 12:00 AM"
53317,"Esfand 30, 2022, 2:19 PM","Ordibehesht 2, 2023, 12:00 AM","Ordibehesht 6, 2023, 12:00 AM"
53328,"Esfand 30, 2022, 3:19 PM","Farvardin 4, 2023, 12:00 AM","Farvardin 7, 2023, 12:00 AM"
53420,"Esfand 30, 2022, 2:55 PM","Esfand 30, 2022, 12:00 AM","Farvardin 1, 2023, 12:00 AM"
67303,"Esfand 30, 2022, 5:46 PM","Farvardin 6, 2023, 12:00 AM","Farvardin 7, 2023, 12:00 AM"
67316,"Esfand 28, 2022, 2:16 PM","Esfand 30, 2022, 12:00 AM","Farvardin 2, 2023, 12:00 AM"
67345,"Esfand 13, 2022, 9:15 PM","Esfand 29, 2022, 12:00 AM","Esfand 30, 2022, 12:00 AM"
67349,"Esfand 28, 2022, 2:24 PM","Esfand 29, 2022, 12:00 AM","Esfand 30, 2022, 12:00 AM"
67352,"Esfand 26, 2022, 11:38 AM","Esfand 27, 2022, 12:00 AM","Esfand 30, 2022, 12:00 AM"
67374,"Esfand 28, 2022, 2:29 PM","Esfand 29, 2022, 12:00 AM","Esfand 30, 2022, 12:00 AM"
67376,"Esfand 26, 2022, 10:06 AM","Esfand 27, 2022, 12:00 AM","Esfand 30, 2022, 12:00 AM"
67390,"Esfand 26, 2022, 10:16 AM","Esfand 30, 2022, 12:00 AM","Farvardin 1, 2023, 12:00 AM"
67394,"Esfand 30, 2022, 6:03 PM","Farvardin 3, 2023, 12:00 AM","Farvardin 6, 2023, 12:00 AM"
67444,"Esfand 26, 2022, 12:04 PM","Esfand 30, 2022, 12:00 AM","Farvardin 6, 2023, 12:00 AM"
67455,"Esfand 13, 2022, 10:55 AM","Esfand 26, 2022, 12:00 AM","Esfand 30, 2022, 12:00 AM"
67634,"Esfand 26, 2022, 11:06 AM","Esfand 28, 2022, 12:00 AM","Esfand 30, 2022, 12:00 AM"
67638,"Esfand 23, 2022, 2:09 PM","Esfand 28, 2022, 12:00 AM","Esfand 30, 2022, 12:00 AM"
67641,"Esfand 28, 2022, 5:33 PM","Esfand 29, 2022, 12:00 AM","Esfand 30, 2022, 12:00 AM"
67671,"Esfand 26, 2022, 12:33 AM","Esfand 28, 2022, 12:00 AM","Esfand 30, 2022, 12:00 AM"
77960,"Bahman 24, 2022, 7:32 PM","Esfand 27, 2022, 12:00 AM","Esfand 30, 2022, 12:00 AM"
78195,"Esfand 5, 2022, 12:03 AM","Esfand 27, 2022, 12:00 AM","Esfand 30, 2022, 12:00 AM"
78769,"Esfand 13, 2022, 11:51 PM","Esfand 29, 2022, 12:00 AM","Esfand 30, 2022, 12:00 AM"
78776,"Bahman 23, 2022, 7:30 PM","Esfand 27, 2022, 12:00 AM","Esfand 30, 2022, 12:00 AM"
78924,"Esfand 28, 2022, 3:28 PM","Esfand 29, 2022, 12:00 AM","Esfand 30, 2022, 12:00 AM"
78995,"Esfand 23, 2022, 3:34 PM","Esfand 30, 2022, 12:00 AM","Farvardin 1, 2023, 12:00 AM"
79002,"Esfand 28, 2022, 7:28 PM","Esfand 29, 2022, 12:00 AM","Esfand 30, 2022, 12:00 AM"
79157,"Esfand 28, 2022, 8:30 PM","Esfand 29, 2022, 12:00 AM","Esfand 30, 2022, 12:00 AM"
89238,"Esfand 20, 2022, 11:09 AM","Esfand 27, 2022, 12:00 AM","Esfand 30, 2022, 12:00 AM"
89281,"Esfand 27, 2022, 2:06 PM","Esfand 29, 2022, 12:00 AM","Esfand 30, 2022, 12:00 AM"
89283,"Esfand 27, 2022, 1:24 PM","Esfand 29, 2022, 12:00 AM","Esfand 30, 2022, 12:00 AM"
89362,"Esfand 24, 2022, 2:45 PM","Esfand 29, 2022, 12:00 AM","Esfand 30, 2022, 12:00 AM"
89400,"Esfand 28, 2022, 8:10 AM","Esfand 29, 2022, 12:00 AM","Esfand 30, 2022, 12:00 AM"
89409,"Esfand 28, 2022, 10:16 AM","Esfand 29, 2022, 12:00 AM","Esfand 30, 2022, 12:00 AM"
89440,"Esfand 28, 2022, 3:09 PM","Esfand 29, 2022, 12:00 AM","Esfand 30, 2022, 12:00 AM"
89456,"Esfand 25, 2022, 1:58 AM","Esfand 29, 2022, 12:00 AM","Esfand 30, 2022, 12:00 AM"
89514,"Esfand 25, 2022, 3:02 PM","Esfand 28, 2022, 12:00 AM","Esfand 30, 2022, 12:00 AM"
90249,"Esfand 8, 2022, 4:06 PM","Esfand 27, 2022, 12:00 AM","Esfand 30, 2022, 12:00 AM"
90493,"Esfand 23, 2022, 8:37 PM","Esfand 27, 2022, 12:00 AM","Esfand 30, 2022, 12:00 AM"
90546,"Esfand 28, 2022, 9:23 PM","Esfand 29, 2022, 12:00 AM","Esfand 30, 2022, 12:00 AM"
99418,"Esfand 29, 2022, 3:48 PM","Esfand 30, 2022, 12:00 AM","Farvardin 1, 2023, 12:00 AM"
99445,"Esfand 22, 2022, 2:33 PM","Esfand 27, 2022, 12:00 AM","Esfand 30, 2022, 12:00 AM"
99454,"Esfand 29, 2022, 8:00 PM","Esfand 29, 2022, 12:00 AM","Esfand 30, 2022, 12:00 AM"
99489,"Esfand 30, 2022, 10:18 AM","Esfand 30, 2022, 12:00 AM","Farvardin 1, 2023, 12:00 AM"
99533,"Esfand 22, 2022, 7:33 PM","Esfand 28, 2022, 12:00 AM","Esfand 30, 2022, 12:00 AM"
99554,"Esfand 22, 2022, 9:55 PM","Esfand 27, 2022, 12:00 AM","Esfand 30, 2022, 12:00 AM"
99570,"Esfand 30, 2022, 11:26 PM","Esfand 30, 2022, 12:00 AM","Farvardin 2, 2023, 12:00 AM"
99597,"Esfand 26, 2022, 3:17 PM","Esfand 27, 2022, 12:00 AM","Esfand 30, 2022, 12:00 AM"
99598,"Esfand 26, 2022, 3:53 PM","Esfand 28, 2022, 12:00 AM","Esfand 30, 2022, 12:00 AM"
99614,"Esfand 26, 2022, 4:32 PM","Esfand 29, 2022, 12:00 AM","Esfand 30, 2022, 12:00 AM"
99646,"Esfand 23, 2022, 5:12 PM","Esfand 27, 2022, 12:00 AM","Esfand 30, 2022, 12:00 AM"
99651,"Esfand 26, 2022, 6:35 PM","Esfand 27, 2022, 12:00 AM","Esfand 30, 2022, 12:00 AM"
99653,"Esfand 26, 2022, 8:11 PM","Esfand 29, 2022, 12:00 AM","Esfand 30, 2022, 12:00 AM"
99662,"Esfand 26, 2022, 9:24 PM","Esfand 28, 2022, 12:00 AM","Esfand 30, 2022, 12:00 AM"
99725,"Esfand 27, 2022, 11:56 AM","Esfand 29, 2022, 12:00 AM","Esfand 30, 2022, 12:00 AM"
100617,"Esfand 26, 2022, 8:13 PM","Esfand 27, 2022, 12:00 AM","Esfand 30, 2022, 12:00 AM"
100716,"Esfand 19, 2022, 7:29 PM","Esfand 29, 2022, 12:00 AM","Esfand 30, 2022, 12:00 AM"
100733,"Esfand 19, 2022, 7:28 PM","Esfand 29, 2022, 12:00 AM","Esfand 30, 2022, 12:00 AM"
100835,"Esfand 28, 2022, 11:01 PM","Esfand 29, 2022, 12:00 AM","Esfand 30, 2022, 12:00 AM"
100882,"Esfand 29, 2022, 12:44 AM","Esfand 29, 2022, 12:00 AM","Esfand 30, 2022, 12:00 AM"
100916,"Esfand 29, 2022, 1:35 AM","Esfand 29, 2022, 12:00 AM","Esfand 30, 2022, 12:00 AM"
111191,"Esfand 9, 2022, 9:59 PM","Esfand 30, 2022, 12:00 AM","Farvardin 4, 2023, 12:00 AM"
111353,"Esfand 29, 2022, 11:55 AM","Esfand 29, 2022, 12:00 AM","Esfand 30, 2022, 12:00 AM"
111376,"Esfand 26, 2022, 11:19 PM","Esfand 28, 2022, 12:00 AM","Esfand 30, 2022, 12:00 AM"
111407,"Esfand 20, 2022, 1:10 PM","Esfand 29, 2022, 12:00 AM","Esfand 30, 2022, 12:00 AM"
111506,"Esfand 20, 2022, 6:51 PM","Esfand 30, 2022, 12:00 AM","Farvardin 1, 2023, 12:00 AM"
111531,"Bahman 30, 2022, 8:10 AM","Esfand 27, 2022, 12:00 AM","Esfand 30, 2022, 12:00 AM"
121546,"Esfand 27, 2022, 10:48 AM","Esfand 29, 2022, 12:00 AM","Esfand 30, 2022, 12:00 AM"
121606,"Esfand 15, 2022, 10:05 PM","Esfand 30, 2022, 12:00 AM","Farvardin 1, 2023, 12:00 AM"
130068,"Esfand 11, 2022, 1:06 PM","Esfand 26, 2022, 12:00 AM","Esfand 30, 2022, 12:00 AM"
130158,"Esfand 27, 2022, 11:58 AM","Esfand 30, 2022, 12:00 AM","Farvardin 1, 2023, 12:00 AM"
130171,"Esfand 27, 2022, 12:01 PM","Esfand 27, 2022, 12:00 AM","Esfand 30, 2022, 12:00 AM"
130488,"Esfand 30, 2022, 5:16 PM","Farvardin 3, 2023, 12:00 AM","Farvardin 4, 2023, 12:00 AM"
139627,"Esfand 27, 2022, 12:10 PM","Esfand 28, 2022, 12:00 AM","Esfand 30, 2022, 12:00 AM"
139666,"Esfand 27, 2022, 12:56 PM","Esfand 27, 2022, 12:00 AM","Esfand 30, 2022, 12:00 AM"
139670,"Esfand 27, 2022, 1:32 PM","Esfand 28, 2022, 12:00 AM","Esfand 30, 2022, 12:00 AM"
139887,"Esfand 27, 2022, 2:09 PM","Esfand 29, 2022, 12:00 AM","Esfand 30, 2022, 12:00 AM"
139940,"Esfand 27, 2022, 2:52 PM","Esfand 29, 2022, 12:00 AM","Esfand 30, 2022, 12:00 AM"
140029,"Esfand 27, 2022, 2:25 PM","Esfand 28, 2022, 12:00 AM","Esfand 30, 2022, 12:00 AM"
140040,"Esfand 27, 2022, 1:28 PM","Esfand 27, 2022, 12:00 AM","Esfand 30, 2022, 12:00 AM"
149238,"Esfand 25, 2022, 11:39 AM","Esfand 29, 2022, 12:00 AM","Esfand 30, 2022, 12:00 AM"
149319,"Esfand 25, 2022, 3:20 PM","Esfand 30, 2022, 12:00 AM","Farvardin 6, 2023, 12:00 AM"
149380,"Esfand 21, 2022, 6:02 PM","Esfand 27, 2022, 12:00 AM","Esfand 30, 2022, 12:00 AM"
149464,"Esfand 25, 2022, 11:50 AM","Esfand 25, 2022, 12:00 AM","Esfand 30, 2022, 12:00 AM"
149524,"Esfand 29, 2022, 9:19 PM","Esfand 30, 2022, 12:00 AM","Farvardin 1, 2023, 12:00 AM"
149531,"Esfand 29, 2022, 9:19 PM","Esfand 29, 2022, 12:00 AM","Esfand 30, 2022, 12:00 AM"
